step,wall_time,reward,length,avg_reward_100
120,1781139204.4706347,-127.81948852539062,120.0,-168.91818237304688
186,1781139204.500438,-118.45997619628906,66.0,-168.85610961914062
287,1781139204.5471551,-154.97433471679688,101.0,-170.49603271484375
344,1781139204.574671,-122.15355682373047,57.0,-171.0569305419922
408,1781139204.6072447,-96.87960052490234,64.0,-171.2567596435547
492,1781139204.6513672,-211.00868225097656,84.0,-171.425048828125
562,1781139204.6882505,-81.49118041992188,70.0,-169.95567321777344
650,1781139204.7333126,-426.52581787109375,88.0,-169.06349182128906
714,1781139204.7674685,-56.843414306640625,64.0,-165.5768280029297
849,1781139204.84801,-115.90706634521484,135.0,-166.02532958984375
925,1781139204.8849382,-297.9111022949219,76.0,-165.57583618164062
1036,1781139204.9353771,-142.7777099609375,111.0,-163.27882385253906
1108,1781139204.9681244,-51.03018569946289,72.0,-165.48838806152344
1222,1781139205.0180829,-154.15057373046875,114.0,-165.5634307861328
1344,1781139205.0725243,-104.46414184570312,122.0,-165.18751525878906
1424,1781139205.1082861,-395.41204833984375,80.0,-164.85415649414062
1549,1781139205.164053,-261.6336975097656,125.0,-161.9095916748047
1640,1781139205.2044826,-108.89120483398438,91.0,-159.97640991210938
1751,1781139205.2544456,-402.6238098144531,111.0,-160.228271484375
1874,1781139205.308498,-103.19058227539062,123.0,-157.54624938964844
1954,1781139205.3463302,-80.08869934082031,80.0,-157.49591064453125
2043,1781139205.3902366,-105.4983901977539,89.0,-157.6077423095703
2166,1781139206.3733332,-114.03959655761719,123.0,-157.9721221923828
2302,1781139206.4347732,-146.94842529296875,136.0,-157.96795654296875
2418,1781139206.4873714,-254.092041015625,116.0,-159.20765686035156
2534,1781139206.539819,-114.60955810546875,116.0,-158.60772705078125
2622,1781139206.5801287,-366.4786682128906,88.0,-159.77508544921875
2752,1781139206.6412137,-161.62649536132812,130.0,-156.91598510742188
2842,1781139206.6843832,-104.91539001464844,90.0,-155.4976806640625
2940,1781139206.7300045,-208.12777709960938,98.0,-155.3841552734375
3034,1781139206.7760718,-264.8906555175781,94.0,-155.0688018798828
3141,1781139206.8399436,-298.24969482421875,107.0,-155.4296112060547
3272,1781139206.9147468,-333.9317626953125,131.0,-153.73329162597656
3394,1781139206.9809446,-95.66504669189453,122.0,-151.6883544921875
3483,1781139207.027901,-137.43817138671875,89.0,-151.3981170654297
3556,1781139207.0669703,-129.7503204345703,73.0,-150.6284942626953
3660,1781139207.1190617,-159.3553924560547,104.0,-150.49301147460938
3738,1781139207.1772003,-237.4779510498047,78.0,-149.65664672851562
3819,1781139207.2160225,-151.1483154296875,81.0,-148.84828186035156
3899,1781139207.2542431,-208.5135955810547,80.0,-148.1629180908203
3971,1781139207.2900126,-228.6946563720703,72.0,-148.73690795898438
4069,1781139207.3373802,-149.70956420898438,98.0,-148.05612182617188
4167,1781139208.4109564,-284.9218444824219,98.0,-149.0120849609375
4245,1781139208.4428096,-124.00149536132812,78.0,-148.09519958496094
4339,1781139208.4837363,-89.98371124267578,94.0,-147.82537841796875
4440,1781139208.529019,-69.7130126953125,101.0,-149.96775817871094
4549,1781139208.5788455,-142.12118530273438,109.0,-150.2162322998047
4674,1781139208.6340523,-115.16644287109375,125.0,-150.3497772216797
5674,1781139209.1246257,72.71863555908203,1000.0,-151.00572204589844
5742,1781139209.1620238,12.694263458251953,68.0,-155.12686157226562
5801,1781139209.1941402,-152.53311157226562,59.0,-157.07186889648438
5941,1781139209.2668922,-106.31155395507812,140.0,-156.2152099609375
6045,1781139209.3180633,-275.0489501953125,104.0,-156.46282958984375
6111,1781139209.3504043,-104.80120086669922,66.0,-159.1966094970703
6201,1781139210.5401385,-133.6124725341797,90.0,-158.3665771484375
6274,1781139210.574833,-85.33189392089844,73.0,-157.8063201904297
6385,1781139210.6284652,-120.45061492919922,111.0,-158.100830078125
6475,1781139210.6727884,-89.7239990234375,90.0,-157.91854858398438
6602,1781139210.7395287,-96.89433288574219,127.0,-157.874755859375
6712,1781139210.7969372,-123.81079864501953,110.0,-157.1011962890625
6777,1781139210.8325706,-92.01573181152344,65.0,-159.37899780273438
6902,1781139210.9022288,-106.91169738769531,125.0,-159.20431518554688
6963,1781139210.9377494,-67.8899154663086,61.0,-159.31312561035156
7048,1781139210.9866738,-339.15673828125,85.0,-161.1190643310547
7136,1781139211.035842,-115.42118072509766,88.0,-158.27426147460938
7204,1781139211.0749438,-219.33229064941406,68.0,-158.6914520263672
7325,1781139211.1416168,-225.19151306152344,121.0,-158.26487731933594
7446,1781139211.209173,-175.25218200683594,121.0,-158.43756103515625
8446,1781139212.5517626,32.4591178894043,1000.0,-157.55812072753906
8513,1781139212.5819097,-124.59242248535156,67.0,-159.2841033935547
8589,1781139212.615456,-105.13093566894531,76.0,-158.69378662109375
8683,1781139212.6580124,-275.8378601074219,94.0,-158.4800567626953
8808,1781139212.7145128,-141.97998046875,125.0,-157.30078125
8895,1781139212.7529018,-142.95408630371094,87.0,-156.5635528564453
8977,1781139212.790294,-292.3570861816406,82.0,-157.0886993408203
9083,1781139212.857725,-158.86814880371094,106.0,-156.90509033203125
9197,1781139212.903375,-173.276123046875,114.0,-156.0958709716797
9294,1781139212.969785,-104.58170318603516,97.0,-156.97850036621094
9399,1781139213.0110638,-66.59196472167969,105.0,-156.3384246826172
9526,1781139213.0629277,-215.26168823242188,127.0,-155.96429443359375
9663,1781139213.1213424,-283.42401123046875,137.0,-155.7247772216797
9779,1781139213.1747906,-140.6132049560547,116.0,-153.820068359375
9844,1781139213.2040646,-87.73403930664062,65.0,-153.1358642578125
9946,1781139213.2483513,-211.80514526367188,102.0,-153.50535583496094
10074,1781139213.305205,-312.834716796875,128.0,-152.95909118652344
10209,1781139213.363723,-231.53555297851562,135.0,-151.0625457763672
10318,1781139214.1403687,-316.37646484375,109.0,-150.0498046875
10410,1781139214.187651,-114.90589904785156,92.0,-148.4272003173828
10507,1781139214.2327542,-241.36007690429688,97.0,-150.17189025878906
10589,1781139214.2709458,-338.29827880859375,82.0,-151.43637084960938
10694,1781139214.3187103,-321.9294738769531,105.0,-148.91915893554688
10812,1781139214.3727932,-157.57257080078125,118.0,-146.4735107421875
10876,1781139214.415796,-124.13561248779297,64.0,-147.00076293945312
10973,1781139214.4658031,-162.85855102539062,97.0,-148.40811157226562
11081,1781139214.5115013,-448.77532958984375,108.0,-148.03500366210938
11188,1781139214.5661445,-215.91456604003906,107.0,-144.65182495117188
11312,1781139214.656464,-58.88582992553711,124.0,-144.90846252441406
11394,1781139214.6907794,-99.22425079345703,82.0,-145.0022735595703
11502,1781139214.7359254,-188.13754272460938,108.0,-144.73358154296875
11572,1781139214.7677186,-110.94168090820312,70.0,-144.4314422607422
11648,1781139214.8038492,-121.61148834228516,76.0,-144.52957153320312
11758,1781139214.8552763,-282.4523010253906,110.0,-144.71327209472656
11880,1781139214.9128728,-211.0642547607422,122.0,-142.5225830078125
11988,1781139214.9745994,-142.1364288330078,108.0,-141.0985565185547
12066,1781139215.01337,-113.70806884765625,78.0,-142.66998291015625
12151,1781139215.053837,-64.07220458984375,85.0,-142.71359252929688
12239,1781139215.0974658,7.7281880378723145,88.0,-144.7633056640625
12312,1781139216.1131086,-77.85924530029297,73.0,-145.47621154785156
12403,1781139216.1548584,-101.69488525390625,91.0,-148.340576171875
12486,1781139216.1938355,-70.95684814453125,83.0,-147.35189819335938
12558,1781139216.2282557,-68.20934295654297,72.0,-148.92669677734375
12648,1781139216.2704008,-363.7345275878906,90.0,-148.96128845214844
12722,1781139216.3051534,-58.535491943359375,74.0,-147.26170349121094
12829,1781139216.3534098,-116.55791473388672,107.0,-147.7172088623047
12921,1781139216.3965464,-71.12882995605469,92.0,-146.7782440185547
13070,1781139216.4658408,-100.95521545410156,149.0,-147.01406860351562
13161,1781139216.5082357,-68.31538391113281,91.0,-146.30819702148438
13325,1781139216.5860658,-134.07839965820312,164.0,-148.16262817382812
13401,1781139216.622711,-134.42071533203125,76.0,-147.65672302246094
13483,1781139216.6596432,-98.15692138671875,82.0,-146.93983459472656
13596,1781139216.7098818,-91.27204895019531,113.0,-147.83302307128906
13719,1781139216.7636962,-141.9369354248047,123.0,-148.0720977783203
13857,1781139216.8243864,-113.62174987792969,138.0,-149.0281524658203
13957,1781139216.871583,-270.9193420410156,100.0,-148.5347442626953
14064,1781139216.9207478,-194.09800720214844,107.0,-146.24273681640625
14192,1781139216.9775221,-231.3466033935547,128.0,-145.5218963623047
14277,1781139217.0162811,-80.56861114501953,85.0,-144.18565368652344
14418,1781139218.1969311,-19.795923233032227,141.0,-146.44198608398438
14499,1781139218.246682,-93.5628890991211,81.0,-147.35064697265625
14605,1781139218.2968922,-176.59205627441406,106.0,-147.3074188232422
14699,1781139218.3408728,-300.9709777832031,94.0,-148.17974853515625
14811,1781139218.4218686,-128.61761474609375,112.0,-146.091796875
14915,1781139218.5190008,-129.43885803222656,104.0,-145.240478515625
15029,1781139218.5763257,-66.6419677734375,114.0,-144.8531951904297
15118,1781139218.6191955,-60.475826263427734,89.0,-145.0560760498047
15213,1781139218.6651092,-116.2009506225586,95.0,-144.89527893066406
15285,1781139218.7029629,-75.71995544433594,72.0,-144.769775390625
15394,1781139218.757667,-156.6409454345703,109.0,-144.77740478515625
15490,1781139218.8075993,-82.61177825927734,96.0,-143.44358825683594
15596,1781139218.8612747,-265.9119873046875,106.0,-143.68887329101562
15670,1781139218.9003806,-160.61619567871094,74.0,-141.8087921142578
15759,1781139218.9472132,-245.30624389648438,89.0,-141.01805114746094
15854,1781139218.9944649,-193.2327880859375,95.0,-139.32815551757812
15939,1781139219.037363,-97.01943969726562,85.0,-137.19468688964844
16104,1781139219.1199598,-304.22222900390625,165.0,-136.4682159423828
16203,1781139219.1675327,-94.56060791015625,99.0,-135.1904296875
16324,1781139219.2285414,-155.47564697265625,121.0,-135.67543029785156
16428,1781139220.8297305,-180.7609405517578,104.0,-134.91278076171875
16568,1781139220.8885272,-339.3955993652344,140.0,-133.49600219726562
16664,1781139220.9351015,-181.80551147460938,96.0,-130.3317108154297
16785,1781139220.9898407,-66.86734771728516,121.0,-128.5925750732422
16900,1781139221.0465481,-131.0742645263672,115.0,-128.8302764892578
17045,1781139221.1138968,-548.4265747070312,145.0,-129.3251495361328
17203,1781139221.188312,-21.797937393188477,158.0,-125.19815826416016
17269,1781139221.2202652,-77.58686065673828,66.0,-127.32432556152344
17426,1781139221.2927833,-114.78309631347656,157.0,-126.95032501220703
17584,1781139221.3697538,-102.22177124023438,158.0,-128.88121032714844
17712,1781139221.435426,-85.34583282470703,128.0,-129.00119018554688
17780,1781139221.471135,-19.53752899169922,68.0,-128.4967498779297
17871,1781139221.5182729,-351.591796875,91.0,-128.51968383789062
17981,1781139221.5750535,-74.5467300415039,110.0,-127.4296875
18105,1781139221.6396344,-117.7929458618164,124.0,-127.10669708251953
18216,1781139221.696479,-248.48353576660156,111.0,-126.56837463378906
18335,1781139221.7569265,-54.6766357421875,119.0,-124.89763641357422
18411,1781139221.797533,-157.14015197753906,76.0,-125.23860931396484
18529,1781139222.8643026,-176.67510986328125,118.0,-123.91525268554688
18645,1781139222.9196997,-242.45957946777344,116.0,-122.92595672607422
18708,1781139222.9556406,-87.3088150024414,63.0,-120.77409362792969
18818,1781139223.0265448,-140.13809204101562,110.0,-120.2649154663086
18898,1781139223.0726612,-65.56133270263672,80.0,-119.1117935180664
18984,1781139223.1178508,-83.7576904296875,86.0,-119.0204849243164
19091,1781139223.1727476,-157.91046142578125,107.0,-118.44740295410156
19231,1781139223.246135,-68.25672149658203,140.0,-117.84999084472656
19378,1781139223.3314385,-195.468994140625,147.0,-118.71981811523438
19527,1781139223.4254143,-273.99566650390625,149.0,-117.19395446777344
19611,1781139223.4835756,-77.94709014892578,84.0,-115.46339416503906
19714,1781139223.551421,-261.5390625,103.0,-115.54881286621094
19781,1781139223.59337,-40.57345962524414,67.0,-113.2857894897461
19861,1781139223.642641,-29.179441452026367,80.0,-114.99004364013672
19980,1781139223.7157705,-191.31008911132812,119.0,-117.11273956298828
20081,1781139223.7795274,-92.95296478271484,101.0,-115.65000915527344
20164,1781139223.8340268,-72.19290161132812,83.0,-114.56974029541016
20266,1781139223.905412,-124.68297576904297,102.0,-114.13997650146484
20377,1781139223.977799,-157.17950439453125,111.0,-113.63595581054688
20445,1781139224.023486,-123.18016052246094,68.0,-112.48371124267578
20541,1781139225.1391962,-130.26144409179688,96.0,-111.92103576660156
20743,1781139225.232225,-154.11598205566406,202.0,-111.17616271972656
20949,1781139225.3422496,-289.3738098144531,206.0,-109.92223358154297
21076,1781139225.4071257,-367.80926513671875,127.0,-107.76025390625
21156,1781139225.458666,-86.57612609863281,80.0,-104.97527313232422
21249,1781139225.5192556,-77.3652572631836,93.0,-104.55280303955078
21400,1781139225.6013725,-210.29759216308594,151.0,-104.98270416259766
21517,1781139225.6625009,-264.8700256347656,117.0,-103.45879364013672
21624,1781139225.7176595,-125.54862976074219,107.0,-102.10260772705078
21734,1781139225.7746193,-110.45694732666016,110.0,-102.30885314941406
21832,1781139225.8307734,-241.5782012939453,98.0,-101.21215057373047
21950,1781139225.9227629,-68.26629638671875,118.0,-99.47010803222656
22031,1781139225.9783328,-72.3556900024414,81.0,-100.98458099365234
22127,1781139226.0416062,-157.9230194091797,96.0,-100.48937225341797
22269,1781139226.1465058,-120.75574493408203,142.0,-99.01016235351562
22365,1781139226.2359786,-139.98086547851562,96.0,-98.67285919189453
22485,1781139226.3060484,-63.383155822753906,120.0,-97.68262481689453
22565,1781139227.5724266,-68.6613998413086,80.0,-97.6858139038086
22781,1781139227.736342,-299.2790832519531,216.0,-96.9361343383789
22911,1781139227.8229544,-118.07029724121094,130.0,-96.8172378540039
23088,1781139227.94233,-269.0435485839844,177.0,-96.72371673583984
23204,1781139228.017955,-63.56214141845703,116.0,-95.74903869628906
23388,1781139228.1338365,-364.2946472167969,184.0,-94.4852523803711
23514,1781139228.2175245,-2.82763934135437,126.0,-91.70814514160156
23685,1781139228.348872,-228.43667602539062,171.0,-91.47762298583984
23781,1781139228.4292333,-71.6690673828125,96.0,-89.47203826904297
23918,1781139228.508088,-193.7753143310547,137.0,-89.23563385009766
24092,1781139228.6137333,-104.08689880371094,174.0,-87.68828582763672
24238,1781139228.7198203,-22.66082763671875,146.0,-86.7138900756836
24377,1781139228.8041275,-94.7120132446289,139.0,-87.18962860107422
24518,1781139228.9707563,-30.367963790893555,141.0,-86.04983520507812
24649,1781139230.3450372,-253.75779724121094,131.0,-86.51673889160156
24756,1781139230.4177563,-83.48853302001953,107.0,-84.23278045654297
24878,1781139230.4867797,-62.73126983642578,122.0,-83.68950653076172
25022,1781139230.5629632,-187.47573852539062,144.0,-83.78841400146484
25154,1781139230.6430435,-115.18024444580078,132.0,-82.3597640991211
25282,1781139230.7280707,-237.541259765625,128.0,-80.64016723632812
25356,1781139230.7776,-64.28117370605469,74.0,-78.56332397460938
25438,1781139230.8411355,-41.71937942504883,82.0,-78.20948791503906
25539,1781139230.8892612,-122.01393127441406,101.0,-78.0906753540039
25697,1781139231.003086,-97.72126770019531,158.0,-77.43379974365234
25830,1781139231.076974,-306.2029113769531,133.0,-76.47106170654297
25961,1781139231.1351388,-110.6611557006836,131.0,-73.33296966552734
26123,1781139231.2097309,-89.24028015136719,162.0,-72.34642028808594
26261,1781139231.276029,-263.8255920410156,138.0,-73.34683990478516
26353,1781139231.3341727,-92.17601013183594,92.0,-70.41658782958984
26435,1781139231.3722172,-43.48503494262695,82.0,-69.70272827148438
26578,1781139231.4310758,-90.7112045288086,143.0,-69.31851959228516
26693,1781139232.1555572,-86.92903900146484,115.0,-68.51995086669922
26772,1781139232.1913996,-44.39641571044922,79.0,-67.90930938720703
26848,1781139232.225343,-103.65046691894531,76.0,-68.30996704101562
26940,1781139232.2660003,-76.48282623291016,92.0,-67.45055389404297
27069,1781139232.3225236,-23.258893966674805,129.0,-67.45980834960938
27224,1781139232.3900769,-107.14027404785156,155.0,-67.49505615234375
27372,1781139232.4565265,-77.90422821044922,148.0,-66.17391204833984
27452,1781139232.4966059,-81.54208374023438,80.0,-66.08455657958984
27580,1781139232.5629282,-76.31779479980469,128.0,-65.03402709960938
27677,1781139232.613231,20.114892959594727,97.0,-65.52374267578125
27795,1781139232.675374,-24.373085021972656,118.0,-66.35916137695312
27911,1781139232.7364414,-176.443603515625,116.0,-66.47105407714844
28035,1781139232.8034832,-143.05955505371094,124.0,-64.89083862304688
28158,1781139232.8736815,-79.21054077148438,123.0,-63.29595947265625
28285,1781139232.941011,-39.08323669433594,127.0,-62.16279983520508
28430,1781139233.0174139,-22.96684455871582,145.0,-62.75612258911133
29430,1781139234.7264314,-7.8921637535095215,1000.0,-64.11519622802734
29542,1781139234.7876003,-90.63775634765625,112.0,-63.62608337402344
29680,1781139234.8591619,-180.56166076660156,138.0,-62.74562072753906
29817,1781139234.9327834,-135.72694396972656,137.0,-60.49052047729492
29915,1781139234.9813097,-234.4146728515625,98.0,-60.171730041503906
30059,1781139235.0529714,-40.18694305419922,144.0,-58.19252395629883
30228,1781139235.1384156,-307.8715515136719,169.0,-58.43801498413086
30363,1781139235.2068298,-114.22016143798828,135.0,-55.197940826416016
30507,1781139235.3076468,-34.901756286621094,144.0,-54.0557861328125
30659,1781139235.3771925,-21.830493927001953,152.0,-53.836151123046875
30873,1781139236.4409444,-242.5918731689453,214.0,-55.48161315917969
30998,1781139236.5048335,-42.248287200927734,125.0,-53.18817901611328
31065,1781139236.536366,-63.96010971069336,67.0,-54.80997085571289
31194,1781139236.594315,-81.41014862060547,129.0,-54.321571350097656
31274,1781139236.630192,-88.77349090576172,80.0,-54.256080627441406
31353,1781139236.665547,-24.80486297607422,79.0,-53.47319793701172
31445,1781139236.706023,-77.74575805664062,92.0,-53.88496398925781
31550,1781139236.7523637,-27.273052215576172,105.0,-53.58809280395508
31697,1781139236.8163793,-36.39094924926758,147.0,-55.66451644897461
31779,1781139236.8525531,-24.825868606567383,82.0,-56.15093994140625
31859,1781139236.887918,-56.4305534362793,80.0,-56.720703125
31953,1781139236.9294722,-26.449079513549805,94.0,-55.7337646484375
32043,1781139236.9692254,-98.169189453125,90.0,-57.3501091003418
32161,1781139237.021937,-155.23971557617188,118.0,-56.204124450683594
32286,1781139237.0798414,-42.88243103027344,125.0,-55.51853942871094
32390,1781139237.1261022,-100.94000244140625,104.0,-56.184627532958984
32484,1781139237.168037,-86.48847198486328,94.0,-55.574798583984375
32635,1781139237.2343066,-35.237060546875,151.0,-55.509944915771484
32775,1781139238.1636193,-210.999267578125,140.0,-56.148468017578125
32997,1781139238.2575703,-241.44850158691406,222.0,-53.729957580566406
33099,1781139238.3015575,-45.037208557128906,102.0,-51.99155807495117
33228,1781139238.3580606,15.073668479919434,129.0,-51.655242919921875
33335,1781139238.405031,-29.2161865234375,107.0,-53.45328903198242
33542,1781139238.4946136,-74.28084564208984,207.0,-54.70856857299805
33684,1781139238.5837493,-41.95484161376953,142.0,-54.05192184448242
33803,1781139238.6324537,-66.91260528564453,119.0,-53.68449020385742
34000,1781139238.717647,-55.774574279785156,197.0,-53.017311096191406
34189,1781139238.8000307,-28.722644805908203,189.0,-52.75558090209961
34447,1781139238.9113226,-73.17638397216797,258.0,-52.13331985473633
34683,1781139239.0161097,-89.3111572265625,236.0,-51.69632339477539
34866,1781139239.7684782,-44.32905578613281,183.0,-51.06105422973633
35041,1781139239.8720539,-120.3553695678711,175.0,-50.591060638427734
35207,1781139239.9388661,-57.90620040893555,166.0,-49.187259674072266
35316,1781139239.9857628,-129.2516326904297,109.0,-48.81779861450195
35498,1781139240.0689442,-146.17315673828125,182.0,-47.574256896972656
35660,1781139240.1416771,-0.7870438694953918,162.0,-47.404144287109375
35795,1781139240.202051,-67.37376403808594,135.0,-47.64750671386719
35922,1781139240.258376,-219.71340942382812,127.0,-46.94293212890625
36031,1781139240.308518,-22.834747314453125,109.0,-44.26343536376953
36169,1781139240.3712285,-10.002485275268555,138.0,-44.62917709350586
36304,1781139240.4327672,-87.02488708496094,135.0,-44.38782501220703
36415,1781139240.4841967,-40.95746994018555,111.0,-42.98126983642578
36544,1781139240.5435188,-63.702274322509766,129.0,-42.734092712402344
36674,1781139240.6072311,6.306553840637207,130.0,-41.724098205566406
36915,1781139241.422706,-287.3894348144531,241.0,-42.25577163696289
37004,1781139241.4647164,-108.7185287475586,89.0,-40.23866271972656
37356,1781139241.6260536,-171.5753173828125,352.0,-41.53855895996094
37530,1781139241.706911,62.816558837890625,174.0,-39.410789489746094
37678,1781139241.778626,-86.58392333984375,148.0,-39.95249557495117
38678,1781139242.2608483,20.224620819091797,1000.0,-38.60863494873047
38856,1781139242.353583,-27.87854766845703,178.0,-39.4123649597168
38979,1781139243.5367665,-48.02867889404297,123.0,-39.7267951965332
39161,1781139243.6140003,-39.040008544921875,182.0,-39.411598205566406
39303,1781139243.6790452,-6.647688865661621,142.0,-40.138492584228516
39435,1781139243.7411656,-70.234375,132.0,-40.238929748535156
39605,1781139243.8170056,19.26680564880371,170.0,-39.64204788208008
39784,1781139243.8965557,-77.05829620361328,179.0,-39.73385238647461
39912,1781139243.9553065,-25.361557006835938,128.0,-38.3149299621582
40034,1781139244.0419073,-29.16098976135254,122.0,-37.28635025024414
40198,1781139244.1449585,-72.62264251708984,164.0,-37.02665328979492
40370,1781139244.2268186,-44.61027145385742,172.0,-35.783653259277344
41370,1781139245.681731,56.77933883666992,1000.0,-36.66975784301758
41582,1781139245.7732172,-29.856985092163086,212.0,-37.40076446533203
41700,1781139245.825466,-28.897207260131836,118.0,-36.09484100341797
41843,1781139245.8896909,-29.83849334716797,143.0,-35.77791213989258
42010,1781139245.9638999,-56.32621765136719,167.0,-34.66678237915039
42241,1781139246.067051,-1.447343111038208,231.0,-33.152931213378906
42421,1781139246.1945393,7.606020927429199,180.0,-32.5420036315918
42536,1781139246.2415905,-12.00638484954834,115.0,-32.98152160644531
42747,1781139246.3353605,-189.28182983398438,211.0,-32.62263870239258
42846,1781139246.3811815,29.19928741455078,99.0,-31.956546783447266
42990,1781139246.4463463,-20.78971290588379,144.0,-31.344579696655273
43103,1781139247.1381721,-5.064281463623047,113.0,-30.3243350982666
43256,1781139247.2119749,-10.85428524017334,153.0,-30.16739273071289
43403,1781139247.280513,-25.865402221679688,147.0,-30.488296508789062
43536,1781139247.341713,-84.46150207519531,133.0,-28.941965103149414
43752,1781139247.4406917,-17.70921516418457,216.0,-28.036434173583984
43943,1781139247.5288491,-77.4089126586914,191.0,-26.728178024291992
44065,1781139247.5857637,-26.783056259155273,122.0,-24.516855239868164
44195,1781139247.6445935,24.97414779663086,130.0,-25.511526107788086
44330,1781139247.7066498,-68.96915435791016,135.0,-26.628999710083008
44521,1781139247.7952065,23.510967254638672,191.0,-25.752601623535156
44624,1781139247.843496,-125.28895568847656,103.0,-27.718542098999023
44774,1781139247.9129674,-63.42741012573242,150.0,-26.51850128173828
44890,1781139247.9659631,-35.56233596801758,116.0,-26.61394691467285
45021,1781139248.0260985,-18.42218589782715,131.0,-25.4052791595459
45134,1781139248.9716237,16.42849349975586,113.0,-24.78861427307129
45304,1781139249.0405993,34.10548782348633,170.0,-24.38804817199707
45487,1781139249.1231837,-98.41539764404297,183.0,-24.05675506591797
46374,1781139249.5296657,-158.8742218017578,887.0,-22.72493553161621
46552,1781139249.6098685,41.018959045410156,178.0,-21.45699691772461
46712,1781139249.6825645,-2.591539144515991,160.0,-21.498701095581055
46885,1781139249.7604976,44.94833755493164,173.0,-20.797433853149414
47087,1781139249.8514397,-103.8478012084961,202.0,-20.296031951904297
47379,1781139250.7738008,-36.493927001953125,292.0,-17.514636993408203
48379,1781139251.254144,-64.73602294921875,1000.0,-16.050004959106445
48571,1781139251.3459356,16.135812759399414,192.0,-16.13483238220215
48743,1781139251.4432821,-0.00493768323212862,172.0,-16.811843872070312
48950,1781139251.5556698,-12.938108444213867,207.0,-15.417732238769531
49407,1781139252.8997364,-186.3765106201172,457.0,-15.87121295928955
49547,1781139252.995539,-13.248656272888184,140.0,-13.459216117858887
49825,1781139253.1978588,-204.4272918701172,278.0,-14.2586088180542
50825,1781139253.8054855,-15.12033462524414,1000.0,-11.169217109680176
51000,1781139253.8906662,-74.86103820800781,175.0,-10.68498706817627
52000,1781139255.3285518,-10.48530387878418,1000.0,-9.654436111450195
52155,1781139255.404853,-65.98133850097656,155.0,-10.192008018493652
52434,1781139255.538826,-48.05884552001953,279.0,-8.798465728759766
52672,1781139255.657425,-234.9151153564453,238.0,-6.786136150360107
52818,1781139255.733351,-85.03362274169922,146.0,-4.456140518188477
52932,1781139255.7890737,-81.8018798828125,114.0,-2.6777186393737793
53932,1781139257.8463614,42.263023376464844,1000.0,-1.183030366897583
54255,1781139258.0404615,-188.08319091796875,323.0,-0.44278576970100403
54498,1781139258.1607122,16.42915153503418,243.0,2.5202407836914062
54975,1781139258.4321198,-86.6812973022461,477.0,3.608621597290039
55339,1781139259.7274802,-109.49127960205078,364.0,5.2293524742126465
55605,1781139259.8515449,-39.9568977355957,266.0,7.638000965118408
56605,1781139260.3360398,-80.00324249267578,1000.0,8.937981605529785
56920,1781139260.4849503,-99.08934020996094,315.0,10.744698524475098
57920,1781139262.101315,30.851850509643555,1000.0,12.65829086303711
58170,1781139262.2740214,-67.6085205078125,250.0,14.148542404174805
59170,1781139262.928051,-11.405915260314941,1000.0,15.943543434143066
59612,1781139264.3159184,-164.7310333251953,442.0,16.459922790527344
60024,1781139264.547162,-154.744140625,412.0,17.14998435974121
60200,1781139264.6266632,-8.615930557250977,176.0,18.04239273071289
60524,1781139264.7667542,-5.211868762969971,324.0,17.099870681762695
61524,1781139266.218483,-0.19440288841724396,1000.0,17.099533081054688
61798,1781139266.3432765,-29.601856231689453,274.0,18.20431137084961
62798,1781139266.8229432,33.50365447998047,1000.0,18.098669052124023
63798,1781139268.3923984,-29.47669219970703,1000.0,16.95564842224121
63992,1781139268.5158176,-25.78449058532715,194.0,16.31768798828125
64992,1781139269.0605178,2.670346975326538,1000.0,16.206350326538086
65243,1781139269.1967802,20.02464485168457,251.0,17.58793830871582
65514,1781139269.3562212,-20.959909439086914,271.0,16.759559631347656
66514,1781139270.9495995,-4.897550106048584,1000.0,17.73134994506836
66911,1781139271.21924,-129.16180419921875,397.0,18.668193817138672
67121,1781139271.373626,-25.12311363220215,210.0,21.249114990234375
67287,1781139271.4827816,3.083590269088745,166.0,22.404783248901367
68287,1781139272.89766,48.23618698120117,1000.0,23.07950782775879
68631,1781139273.108743,-59.40876770019531,344.0,22.895750045776367
68853,1781139273.2331126,14.132634162902832,222.0,23.99875831604004
69853,1781139274.95354,53.63071060180664,1000.0,25.520566940307617
70119,1781139275.0796587,-16.239965438842773,266.0,24.334609985351562
70341,1781139275.2496848,37.2973518371582,222.0,25.2375545501709
71341,1781139275.8646605,-46.86077117919922,1000.0,26.492338180541992
71550,1781139275.956216,-85.67879486083984,209.0,27.678083419799805
72157,1781139277.002926,-238.7079620361328,607.0,28.8410587310791
73157,1781139277.5286012,41.201534271240234,1000.0,32.23126220703125
73358,1781139277.6411064,8.646020889282227,201.0,33.02822494506836
74358,1781139279.042688,47.802085876464844,1000.0,33.7393913269043
74745,1781139279.2233026,-60.14838790893555,387.0,33.05470275878906
75149,1781139279.408894,-59.32160186767578,404.0,34.986690521240234
75481,1781139279.5626044,-16.508930206298828,332.0,36.35539245605469
75741,1781139279.6823258,-111.72956848144531,260.0,37.67270278930664
76741,1781139281.4598658,-16.691343307495117,1000.0,39.8310661315918
77741,1781139282.005963,-10.546278953552246,1000.0,39.94510269165039
78741,1781139283.8606763,10.08653736114502,1000.0,39.83000183105469
79741,1781139284.3482811,64.83383178710938,1000.0,40.89281463623047
80741,1781139285.5940301,77.49667358398438,1000.0,39.786155700683594
81039,1781139285.727566,-3.191312074661255,298.0,39.823116302490234
81228,1781139285.8329535,51.6773681640625,189.0,41.23452377319336
81638,1781139286.0045474,-133.22091674804688,410.0,42.00883483886719
81847,1781139286.0956614,-16.32130241394043,209.0,44.54798889160156
82847,1781139287.2530394,100.73551177978516,1000.0,45.650169372558594
83074,1781139287.3694088,2.795457124710083,227.0,45.17847442626953
84074,1781139288.7167084,81.27449798583984,1000.0,46.31797409057617
85074,1781139289.225055,95.05876159667969,1000.0,45.973541259765625
86074,1781139290.697345,59.645713806152344,1000.0,45.790409088134766
86392,1781139290.846953,-36.3460693359375,318.0,46.375389099121094
87392,1781139291.3646224,23.881914138793945,1000.0,48.10569381713867
87889,1781139291.6082728,-122.6724853515625,497.0,48.770957946777344
88889,1781139292.951133,90.39593505859375,1000.0,50.47967529296875
89889,1781139293.4745605,81.23482513427734,1000.0,50.69369125366211
90139,1781139294.7756002,10.62987232208252,250.0,50.76711654663086
90514,1781139294.9501717,-42.94462966918945,375.0,51.47096252441406
91514,1781139295.5544555,128.7677764892578,1000.0,52.86758041381836
92514,1781139296.950531,6.09159517288208,1000.0,52.75212860107422
93514,1781139297.4400604,113.1164779663086,1000.0,52.09157180786133
94514,1781139298.639882,143.7233123779297,1000.0,52.15930938720703
95117,1781139298.9293952,-126.25018310546875,603.0,51.9284782409668
95578,1781139299.1952055,-86.77326965332031,461.0,52.302032470703125
96578,1781139300.3701007,18.67067527770996,1000.0,53.996280670166016
97158,1781139300.633145,-173.08311462402344,580.0,53.83757400512695
97599,1781139300.8324008,-5.284778594970703,441.0,56.46344757080078
97927,1781139300.978684,-72.97191619873047,328.0,57.71964645385742
98927,1781139302.314065,85.30428314208984,1000.0,59.514495849609375
99927,1781139302.822472,43.24445724487305,1000.0,59.68840789794922
100927,1781139304.424479,56.48503494262695,1000.0,60.623722076416016
101927,1781139304.8930616,67.2347183227539,1000.0,60.8233528137207
102927,1781139306.1271746,34.766571044921875,1000.0,61.49934768676758
103379,1781139306.4176354,-32.08024597167969,452.0,60.5687141418457
104379,1781139306.960099,36.848575592041016,1000.0,61.637107849121094
105379,1781139308.8250175,67.53504180908203,1000.0,60.72789764404297
106379,1781139309.4111166,95.08850860595703,1000.0,61.28426742553711
107162,1781139310.7084224,174.2918243408203,783.0,62.00068664550781
108162,1781139311.3198285,109.96926879882812,1000.0,61.622337341308594
108499,1781139311.5234747,-73.21880340576172,337.0,61.80326461791992
108842,1781139312.732723,-51.56532669067383,343.0,62.406620025634766
109842,1781139313.6448905,139.40621948242188,1000.0,64.26081848144531
110158,1781139313.9333866,-58.28622817993164,316.0,64.08060455322266
111158,1781139316.0143073,54.82316970825195,1000.0,65.50714874267578
111763,1781139316.331689,-93.18789672851562,605.0,65.91349792480469
112763,1781139318.1831276,104.51188659667969,1000.0,68.16529083251953
113763,1781139318.9359841,33.30263137817383,1000.0,68.35540771484375
114763,1781139320.851116,28.194082260131836,1000.0,69.43849182128906
115324,1781139321.1831372,-64.2424545288086,561.0,70.38809204101562
116324,1781139321.7152681,73.37281799316406,1000.0,72.04033660888672
117324,1781139323.1650217,153.1741485595703,1000.0,72.86017608642578
117625,1781139323.3495615,-1.9155691862106323,301.0,71.57771301269531
118625,1781139323.91312,92.80858612060547,1000.0,73.17027282714844
119625,1781139325.535931,67.66693878173828,1000.0,73.74557495117188
120625,1781139326.1730573,116.28748321533203,1000.0,72.70215606689453
121625,1781139327.7787185,108.21945190429688,1000.0,72.67646026611328
122625,1781139328.3068016,125.26724243164062,1000.0,72.51806640625
123625,1781139329.6380472,75.39176177978516,1000.0,72.43998718261719
124625,1781139330.1770618,131.37356567382812,1000.0,71.91206359863281
125625,1781139331.923619,90.04122924804688,1000.0,71.70774841308594
126625,1781139332.4813128,100.66839599609375,1000.0,71.69290924072266
127625,1781139333.6655858,92.26988220214844,1000.0,72.14103698730469
128611,1781139334.186915,179.87701416015625,986.0,72.68445587158203
129611,1781139335.5245442,111.89157104492188,1000.0,71.95503234863281
130611,1781139336.111347,40.23210906982422,1000.0,71.82060241699219
130961,1781139336.3072698,-95.7249984741211,350.0,72.10690307617188
131347,1781139337.466719,-65.50321960449219,386.0,74.01689147949219
131823,1781139337.761658,-102.86811828613281,476.0,75.98367309570312
132823,1781139338.362123,-5.24569845199585,1000.0,77.90483093261719
133823,1781139340.0601833,110.28352355957031,1000.0,78.50244903564453
134200,1781139340.2567065,-40.16623306274414,377.0,77.87841796875
134557,1781139340.4465735,-80.79830169677734,357.0,79.37921905517578
134948,1781139340.645763,-93.27281951904297,391.0,81.30290985107422
135434,1781139341.8695285,-36.918128967285156,486.0,83.22499084472656
136434,1781139342.3387535,140.82907104492188,1000.0,84.67183685302734
136858,1781139342.5513856,-62.81318283081055,424.0,82.99445343017578
137858,1781139344.2449253,76.21916198730469,1000.0,84.66344451904297
138858,1781139344.693979,88.78665924072266,1000.0,85.13880157470703
139498,1781139346.0167701,128.930419921875,640.0,85.4557113647461
140498,1781139346.4671075,90.44375610351562,1000.0,84.15422821044922
141498,1781139347.5308206,70.55596923828125,1000.0,84.67838287353516
142498,1781139347.9818156,29.860342025756836,1000.0,84.43617248535156
143498,1781139349.4186332,50.89216613769531,1000.0,85.49071502685547
144052,1781139349.7225149,166.31356811523438,554.0,86.2430191040039
144381,1781139349.911955,-64.96511840820312,329.0,85.82817840576172
145381,1781139350.5596786,74.05445098876953,1000.0,86.681884765625
146059,1781139352.0690627,162.77577209472656,678.0,85.97129821777344
147059,1781139352.7128837,71.71388244628906,1000.0,84.00447845458984
148059,1781139354.50266,30.61872673034668,1000.0,82.91353607177734
149059,1781139355.1243958,100.3122787475586,1000.0,83.90447235107422
150059,1781139357.0214956,120.89776611328125,1000.0,83.98473358154297
151059,1781139357.9082937,79.76272583007812,1000.0,84.0763168334961
151410,1781139358.2180552,-20.666893005371094,351.0,84.46345520019531
152410,1781139360.6190205,133.05067443847656,1000.0,84.45512390136719
153410,1781139361.4776273,77.54840850830078,1000.0,84.42057800292969
154410,1781139363.580354,115.22219848632812,1000.0,84.65938568115234
155410,1781139364.2951386,104.10655212402344,1000.0,84.66014862060547
155707,1781139365.4632497,-5.287507057189941,297.0,84.4511489868164
156130,1781139365.7286782,-22.056392669677734,423.0,85.6251449584961
157130,1781139366.474587,116.36771392822266,1000.0,87.20735168457031
157514,1781139366.745205,-45.83208084106445,384.0,87.42247009277344
158514,1781139368.578085,81.19283294677734,1000.0,89.16744995117188
159514,1781139369.3015099,137.94943237304688,1000.0,89.72100067138672
160514,1781139371.2750866,129.1083526611328,1000.0,88.16885375976562
161514,1781139371.8310483,120.69469451904297,1000.0,88.20539093017578
162514,1781139373.1825256,93.89655303955078,1000.0,88.05423736572266
163514,1781139373.7648935,53.56612014770508,1000.0,88.12928009033203
164514,1781139375.5320082,116.74527740478516,1000.0,89.25507354736328
165514,1781139376.327724,46.83119583129883,1000.0,89.13829040527344
166514,1781139377.834728,76.7457275390625,1000.0,88.37384796142578
167514,1781139378.5939538,118.14358520507812,1000.0,88.31878662109375
168514,1781139380.9312563,136.68450927734375,1000.0,88.68045043945312
169514,1781139381.6381032,90.40817260742188,1000.0,88.44189453125
170514,1781139383.2455778,48.19927978515625,1000.0,88.76458740234375
171514,1781139383.7748067,111.79759216308594,1000.0,89.27435302734375
172514,1781139385.1162999,88.57746124267578,1000.0,90.3817138671875
173514,1781139385.6352954,81.0144271850586,1000.0,92.05531311035156
174514,1781139386.8546875,96.71711730957031,1000.0,93.81262969970703
175514,1781139387.4103174,117.22250366210938,1000.0,92.72330474853516
175850,1781139387.599153,-59.96393966674805,336.0,93.6795425415039
176850,1781139389.0639384,119.89018249511719,1000.0,96.51932525634766
177850,1781139389.5620713,120.64019775390625,1000.0,97.69508361816406
178246,1781139390.4376535,-88.89484405517578,396.0,98.86688995361328
179246,1781139390.939438,82.65167236328125,1000.0,102.1258316040039
179647,1781139391.132989,2.799959182739258,401.0,102.32514953613281
180647,1781139392.2882547,89.5042724609375,1000.0,104.54949188232422
181647,1781139392.804894,120.33522033691406,1000.0,106.1615219116211
182647,1781139394.226491,106.51285552978516,1000.0,106.34696197509766
183647,1781139394.7330058,102.69542694091797,1000.0,108.07273864746094
184647,1781139396.1214688,136.77593994140625,1000.0,109.49040985107422
185647,1781139396.6885014,76.4481201171875,1000.0,107.83528900146484
186647,1781139397.95109,134.8343048095703,1000.0,107.80094146728516
187221,1781139398.2381265,-58.29694747924805,574.0,108.95130920410156
188221,1781139398.7506952,74.75940704345703,1000.0,109.29251098632812
188692,1781139399.7596865,-54.07249069213867,471.0,110.77607727050781
189692,1781139400.361665,123.17212677001953,1000.0,111.33317565917969
190357,1781139400.7079704,166.73031616210938,665.0,112.86444091796875
191357,1781139402.0418506,136.45701599121094,1000.0,113.45449829101562
192357,1781139402.5923498,128.06190490722656,1000.0,113.71800994873047
192875,1781139403.8104975,-12.88339614868164,518.0,114.62938690185547
193875,1781139404.3156242,133.85467529296875,1000.0,115.83732604980469
194875,1781139405.7865918,121.38465118408203,1000.0,116.75021362304688
195875,1781139406.250843,84.36819458007812,1000.0,115.71700286865234
196875,1781139407.5773551,95.4578857421875,1000.0,117.11890411376953
197875,1781139408.0748482,131.9913787841797,1000.0,118.59447479248047
198875,1781139409.5580502,123.52392578125,1000.0,119.83246612548828
199875,1781139410.0400293,141.61070251464844,1000.0,120.98116302490234
200875,1781139411.45988,123.15469360351562,1000.0,121.73129272460938
201875,1781139411.9298458,100.9820327758789,1000.0,122.9266128540039
202875,1781139413.315915,155.35638427734375,1000.0,124.18778228759766
203159,1781139413.4420621,24.927566528320312,284.0,122.31105041503906
204159,1781139413.9165757,157.34078979492188,1000.0,124.27595520019531
205159,1781139415.1315572,150.3384246826172,1000.0,124.93675994873047
205461,1781139415.3089292,-36.67484664916992,302.0,125.85537719726562
206461,1781139415.8299286,113.71804809570312,1000.0,126.01342010498047
207461,1781139417.026731,92.38032531738281,1000.0,127.2873306274414
208461,1781139417.5188866,117.45919799804688,1000.0,128.85414123535156
208858,1781139417.7092564,22.5989933013916,397.0,128.74542236328125
209858,1781139418.9385352,110.94220733642578,1000.0,130.3872528076172
210858,1781139419.4280343,88.55729675292969,1000.0,131.30308532714844
211858,1781139420.7789018,145.48097229003906,1000.0,132.20651245117188
212858,1781139421.2946646,146.61227416992188,1000.0,133.13571166992188
213858,1781139422.702104,106.93450164794922,1000.0,133.7342529296875
214858,1781139423.1585233,98.44872283935547,1000.0,134.81106567382812
215858,1781139424.3302622,68.862060546875,1000.0,136.12767028808594
216858,1781139424.825952,95.2735824584961,1000.0,137.387451171875
217858,1781139426.009592,131.17510986328125,1000.0,138.57481384277344
218858,1781139426.5208976,89.24807739257812,1000.0,139.4510955810547
219858,1781139427.7923007,54.515625,1000.0,138.40858459472656
220858,1781139428.280392,47.88025665283203,1000.0,140.1636505126953
221858,1781139429.5004005,109.91436767578125,1000.0,139.39688110351562
222858,1781139430.0476642,111.57079315185547,1000.0,140.55162048339844
223858,1781139431.8231013,98.93523406982422,1000.0,138.72731018066406
224858,1781139432.55878,107.76629638671875,1000.0,139.82579040527344
225233,1781139432.7796652,-26.909242630004883,375.0,139.6649169921875
226233,1781139434.285334,104.08574676513672,1000.0,142.4502410888672
227233,1781139434.985667,123.75482177734375,1000.0,143.80335998535156
228233,1781139436.7393725,120.4778060913086,1000.0,144.72915649414062
228652,1781139436.9978886,-1.2180980443954468,419.0,145.87191772460938
229652,1781139438.9333975,142.85911560058594,1000.0,147.84458923339844
230652,1781139439.481389,46.334938049316406,1000.0,148.8640594482422
231652,1781139440.9921863,135.314697265625,1000.0,150.7694549560547
232652,1781139441.7213354,126.12311553955078,1000.0,151.69924926757812
233652,1781139443.7733579,124.8292007446289,1000.0,150.54885864257812
233993,1781139444.0731392,20.405826568603516,341.0,151.1151123046875
234399,1781139444.390011,2.9955575466156006,406.0,153.43690490722656
234722,1781139444.6139164,-33.9064826965332,323.0,153.24725341796875
235125,1781139444.8983862,-37.380008697509766,403.0,155.90951538085938
236125,1781139446.4719155,129.71250915527344,1000.0,158.8385467529297
237125,1781139447.2306309,108.33806610107422,1000.0,157.52980041503906
238125,1781139448.9912007,130.05596923828125,1000.0,158.63136291503906
239125,1781139449.48816,118.4770278930664,1000.0,159.56399536132812
239451,1781139449.651605,-21.500173568725586,326.0,160.9616241455078
240451,1781139451.0630395,129.5962371826172,1000.0,161.203125
241451,1781139451.5808582,101.42913818359375,1000.0,162.54673767089844
242451,1781139453.0020516,115.29822540283203,1000.0
243451,1781139453.505613,83.20698547363281,1000.0
244451,1781139455.1215355,112.11199188232422,1000.0
245451,1781139455.5850258,136.16421508789062,1000.0
246451,1781139456.7711987,137.8789825439453,1000.0
247451,1781139457.3221614,128.66661071777344,1000.0
248451,1781139458.7720652,136.5474853515625,1000.0
248899,1781139458.976503,-17.265043258666992,448.0
249899,1781139460.230837,132.76182556152344,1000.0
250899,1781139460.8142037,105.57931518554688,1000.0
251899,1781139461.33626,101.40106964111328,1000.0
252899,1781139462.573082,166.14500427246094,1000.0
253899,1781139463.0563283,105.06708526611328,1000.0
254312,1781139463.9130726,-29.612489700317383,413.0
255312,1781139464.413021,71.23953247070312,1000.0
256312,1781139465.6198397,154.30967712402344,1000.0
257312,1781139466.115077,112.82923889160156,1000.0
258312,1781139467.5540752,122.67747497558594,1000.0
259312,1781139468.0048668,99.17584991455078,1000.0
260059,1781139468.3556635,222.53326416015625,747.0
260498,1781139469.3858628,255.93719482421875,439.0
260930,1781139469.6274788,256.7464294433594,432.0
261325,1781139469.8012414,-12.215522766113281,395.0
262305,1781139471.2616718,212.84609985351562,980.0
263066,1781139471.659163,224.01434326171875,761.0
263858,1781139472.1180136,237.46664428710938,792.0
264224,1781139473.098538,237.8203125,366.0
264629,1781139473.287789,236.99977111816406,405.0
265629,1781139473.8007848,102.5833740234375,1000.0
265986,1781139473.9832685,225.23402404785156,357.0
266420,1781139475.223382,250.70697021484375,434.0
267420,1781139475.6971786,138.87945556640625,1000.0
268037,1781139476.000831,279.0906066894531,617.0
268512,1781139477.0205832,244.46263122558594,475.0
268832,1781139477.1723773,-28.73627471923828,320.0
269832,1781139477.6704533,73.01303100585938,1000.0
270380,1781139478.6399214,249.87109375,548.0
270708,1781139478.8335564,-24.176292419433594,328.0
271404,1781139479.1919165,223.11570739746094,696.0
271745,1781139479.365449,1.637162446975708,341.0
272072,1781139479.535879,276.2992858886719,327.0
272447,1781139480.6780927,225.73585510253906,375.0
272895,1781139480.870564,162.80799865722656,448.0
273341,1781139481.0695307,219.1993865966797,446.0
274341,1781139481.569599,107.9107437133789,1000.0
274759,1781139482.5357885,225.14366149902344,418.0
275075,1781139482.6997573,18.063413619995117,316.0
275473,1781139482.886875,224.55812072753906,398.0
275898,1781139483.0873284,243.01544189453125,425.0
276290,1781139483.2760932,255.7902374267578,392.0
276683,1781139484.2939587,238.3939208984375,393.0
277682,1781139484.78057,216.62307739257812,999.0
278078,1781139484.9925418,242.68685913085938,396.0
278637,1781139486.115794,227.0992431640625,559.0
279066,1781139486.312425,-32.31697082519531,429.0
279505,1781139486.5228856,221.41812133789062,439.0
279973,1781139486.751006,223.42111206054688,468.0
280518,1781139487.0191555,242.20008850097656,545.0
280844,1781139488.109108,-20.87008285522461,326.0
281242,1781139488.2881644,241.10845947265625,398.0
281733,1781139488.5175138,249.06101989746094,491.0
282733,1781139490.1294122,106.58773040771484,1000.0
283266,1781139490.369097,186.78192138671875,533.0
283731,1781139490.5816004,202.5254364013672,465.0
284365,1781139490.8707104,178.89984130859375,634.0
284769,1781139491.833719,238.40150451660156,404.0
285251,1781139492.0921042,206.46630859375,482.0
285669,1781139492.2888625,214.61627197265625,418.0
286191,1781139492.5411263,230.10879516601562,522.0
286744,1781139493.7380688,194.8397674560547,553.0
287267,1781139493.9538288,214.01075744628906,523.0
287710,1781139494.1907341,218.80294799804688,443.0
288101,1781139494.374558,-15.003152847290039,391.0
288562,1781139494.6001606,230.02224731445312,461.0
288979,1781139495.880599,-28.79673957824707,417.0
289406,1781139496.0643845,225.38858032226562,427.0
289861,1781139496.2633183,-70.86019134521484,455.0
290263,1781139496.4436502,208.78277587890625,402.0
291263,1781139497.6225688,91.67865753173828,1000.0
291702,1781139497.8344421,251.62347412109375,439.0
292121,1781139498.04986,239.39710998535156,419.0
292572,1781139498.2943163,216.33554077148438,451.0
292988,1781139499.204004,234.7541961669922,416.0
293908,1781139499.6827986,196.0487823486328,920.0
294317,1781139499.891822,244.806396484375,409.0
294752,1781139500.1195943,236.87310791015625,435.0
295248,1781139501.1168325,228.29556274414062,496.0
295471,1781139501.2288299,11.083883285522461,223.0
295944,1781139501.4684582,181.45382690429688,473.0
296301,1781139501.6539664,252.5849151611328,357.0
296584,1781139501.7951436,-15.968921661376953,283.0
296908,1781139501.95917,232.3201446533203,324.0
297275,1781139503.5769544,255.5218505859375,367.0
297557,1781139503.8148508,-1.162002682685852,282.0
298010,1781139504.0411863,218.4947052001953,453.0
298447,1781139504.2818809,223.31878662109375,437.0
298806,1781139504.4847634,258.2400207519531,359.0
299143,1781139505.4749448,2.6505541801452637,337.0
299632,1781139505.7050483,263.9574890136719,489.0
